Company,Total_Links,Text_Length_Characters,Extraction_Date,Status
OLAELEC,7,901,2025-08-21 22:50:40,Completed

EXTRACTED_LINKS
Link_Number,URL
Link_1,https://www.motoroids.com/news/ola-electric-dethroned-in-may-2025-ev-sales-shock-tvs-iqube-and-bajaj-chetak-now-rule-the-road/
Link_2,https://www.timesdrive.in/features/ola-s1x-to-ather-450-5-feature-rich-electric-scooters-you-can-buy-in-2025-article-151485558
Link_3,"https://www.autocarpro.in/news/ola-electric-announces-board-meeting-to-consider-fundraising-through-ncds-126502#:~:text=Fundraising%20Through%20NCDs-,Ola%20Electric%20Announces%20Board%20Meeting%20to%20Consider%20Fundraising%20Through%20NCDs,Listing%20Obligations%20and%20Disclosure%20Requirements."
Link_4,"https://gcwrohtak.com/ola-s1-x-kwh-a-stylish-and-efficient-electric-scooter-for-urban-commuters/#:~:text=Ola%20S1%20X%20:%20Ola%20Electric%20has,for%20its%20impressive%20battery%20capacity%20and%20range."
Link_5,"https://hdfcsky.com/news/ola-electric-stock-down-again-today-founder-pledges-more-shares#:~:text=Market%20Share%20Decline%20in%20EV%20Segment%20The,25%25%20share%2C%20as%20per%20Vahan%20portal%20data."
Link_6,"https://www.msn.com/en-in/money/markets/ola-electric-to-focus-on-capital-discipline-risk-management-ceo-bhavish-aggarwal-after-dismal-q4-earnings/ar-AA1FIyUa#:~:text=In%20May%2C%20the%20company%20fell%20to%20third,Ola%20Electric%20)%20held%20in%20May%202024."
Link_7,"https://www.autocarpro.in/news/ola-electric-announces-board-meeting-to-consider-fundraising-through-ncds-126502#:~:text=Ola%20Electric%20Announces%20Board%20Meeting%20to%20Consider,Non%2DConvertible%20Debentures%20(NCDs)%20or%20other%20eligible%20securities."

EXTRACTED_TEXT_CONTENT
Content_Type,Content
Complete_Text,"The most relevant news and updates for OLAELEC (Ola Electric) as on May 1, 2025, are related to its new product launches and market position in the Indian electric vehicle (EV) sector. Times Drive reported on May 1, 2025, about the launch of the Ola S1X electric scooter, noting it as a significant addition to the market. In May 2025, Motoroids also reported that while Ola Electric held a strong third position in the Indian EV market, its market share had declined from 49.2% in May 2024 to 20% by May 2025, indicating a shift in the competitive landscape. Times Drive

Furthermore, regarding the broader financial and strategic developments around the same period, on May 20, 2025, Autocar Professional reported that Ola Electric announced a board meeting scheduled for May 22, 2025, to consider raising funds through the issuance of Non-Convertible Debentures (NCDs) or other eligible securities."
